{
  "model_name": "Twitter_RoBERTa",
  "model_source": "cardiffnlp/twitter-roberta-base-sentiment-latest",
  "num_epochs": 3,
  "train_samples": 5000,
  "test_samples": 625,
  "val_samples": 625,
  "training_loss": 0.5435435231120441,
  "test_accuracy": 0.7568,
  "test_loss": 0.6517909169197083,
  "classification_report": {
    "Negative": {
      "precision": 0.8048780487804879,
      "recall": 0.7135135135135136,
      "f1-score": 0.7564469914040115,
      "support": 185.0
    },
    "Neutral": {
      "precision": 0.6702898550724637,
      "recall": 0.7838983050847458,
      "f1-score": 0.72265625,
      "support": 236.0
    },
    "Positive": {
      "precision": 0.8432432432432433,
      "recall": 0.7647058823529411,
      "f1-score": 0.8020565552699229,
      "support": 204.0
    },
    "accuracy": 0.7568,
    "macro avg": {
      "precision": 0.7728037156987316,
      "recall": 0.7540392336504002,
      "f1-score": 0.7603865988913115,
      "support": 625.0
    },
    "weighted avg": {
      "precision": 0.7665799463089814,
      "recall": 0.7568,
      "f1-score": 0.7585745690956903,
      "support": 625.0
    }
  },
  "confusion_matrix": [
    [
      132,
      49,
      4
    ],
    [
      26,
      185,
      25
    ],
    [
      6,
      42,
      156
    ]
  ],
  "timestamp": "2025-11-24 17:34:59.945002"
}